<?xml version="1.0" encoding="utf-8"?>
<!DOCTYPE hibernate-configuration SYSTEM 
"http://www.hibernate.org/dtd/hibernate-configuration-3.0.dtd">

<hibernate-configuration>
	<session-factory>
		<property name="hibernate.hbm2ddl.auto">update</property>
		<property name="show_sql">true</property>
		<property name="hibernate.dialect">
			org.hibernate.dialect.MySQLDialect
		</property>
		<property name="hibernate.connection.driver_class">
			com.mysql.jdbc.Driver
		</property>

		<!-- Assume test is the database name -->
		<property name="hibernate.connection.url">
			jdbc:mysql://localhost:3306/sim
		</property>
		<property name="hibernate.connection.username">
			root
		</property>
		<property name="hibernate.connection.password">
		</property>

		<property name="hibernate.c3p0.min_size">5</property>
		<property name="hibernate.c3p0.max_size">20</property>
		<property name="hibernate.c3p0.timeout">300</property>
		<property name="hibernate.c3p0.max_statements">50</property>
		<property name="hibernate.c3p0.idle_test_period">3000</property>


		<property name="hibernate.temp.use_jdbc_metadata_defaults">
			false
		</property>
		
		<mapping class="org.app.beans.Administrateur"/>
		<mapping class="org.app.beans.Etudiant"/>
		<mapping class="org.app.beans.Livre"/>
		<mapping class="org.app.beans.Professeur"/>
		<mapping class="org.app.beans.User"/>
		<mapping class="org.app.beans.News"/>


	</session-factory>
</hibernate-configuration>